"User ID","User Name","User Login","User Email","Date"
"5e22c7b88fd1f72b6326b74f","test1","testlogin","test@mail.com","2020-01-18T08:54:16.356Z"
"5e22c90be2c9ba2cb9700e9b","user","userLogin","user@mail.com","2020-01-18T08:59:55.621Z"
"5e22ca2b6ca8ba2dc4b4edd0","user3","User3Login","user3@mail.com","2020-01-18T09:04:43.300Z"
"5e22c7b88fd1f72b6326b74f","test1","testlogin","test@mail.com","2020-01-18T08:54:16.356Z"
"5e22c90be2c9ba2cb9700e9b","user","userLogin","user@mail.com","2020-01-18T08:59:55.621Z"
"5e22ca2b6ca8ba2dc4b4edd0","user3","User3Login","user3@mail.com","2020-01-18T09:04:43.300Z"
"5e22c7b88fd1f72b6326b74f","test1","testlogin","test@mail.com","2020-01-18T08:54:16.356Z"
"5e22c90be2c9ba2cb9700e9b","user","userLogin","user@mail.com","2020-01-18T08:59:55.621Z"
"5e22ca2b6ca8ba2dc4b4edd0","user3","User3Login","user3@mail.com","2020-01-18T09:04:43.300Z"
"5e22c7b88fd1f72b6326b74f","test1","testlogin","test@mail.com","2020-01-18T08:54:16.356Z"
"5e22c90be2c9ba2cb9700e9b","user","userLogin","user@mail.com","2020-01-18T08:59:55.621Z"
"5e22ca2b6ca8ba2dc4b4edd0","user3","User3Login","user3@mail.com","2020-01-18T09:04:43.300Z"
"5e22c7b88fd1f72b6326b74f","test1","testlogin","test@mail.com","2020-01-18T08:54:16.356Z"
"5e22c90be2c9ba2cb9700e9b","user","userLogin","user@mail.com","2020-01-18T08:59:55.621Z"
"5e22ca2b6ca8ba2dc4b4edd0","user3","User3Login","user3@mail.com","2020-01-18T09:04:43.300Z"
"5e22c7b88fd1f72b6326b74f","test1","testlogin","test@mail.com","2020-01-18T08:54:16.356Z"
"5e22c90be2c9ba2cb9700e9b","user","userLogin","user@mail.com","2020-01-18T08:59:55.621Z"
"5e22ca2b6ca8ba2dc4b4edd0","user3","User3Login","user3@mail.com","2020-01-18T09:04:43.300Z"
"5e22c7b88fd1f72b6326b74f","test1","testlogin","test@mail.com","2020-01-18T08:54:16.356Z"
"5e22c90be2c9ba2cb9700e9b","user","userLogin","user@mail.com","2020-01-18T08:59:55.621Z"
"5e22ca2b6ca8ba2dc4b4edd0","user3","User3Login","user3@mail.com","2020-01-18T09:04:43.300Z"
"5e22c7b88fd1f72b6326b74f","test1","testlogin","test@mail.com","2020-01-18T08:54:16.356Z"
"5e22c90be2c9ba2cb9700e9b","user","userLogin","user@mail.com","2020-01-18T08:59:55.621Z"
"5e22ca2b6ca8ba2dc4b4edd0","user3","User3Login","user3@mail.com","2020-01-18T09:04:43.300Z"
"5e22c7b88fd1f72b6326b74f","test1","testlogin","test@mail.com","2020-01-18T08:54:16.356Z"
"5e22c90be2c9ba2cb9700e9b","user","userLogin","user@mail.com","2020-01-18T08:59:55.621Z"
"5e22ca2b6ca8ba2dc4b4edd0","user3","User3Login","user3@mail.com","2020-01-18T09:04:43.300Z"
"5e22c7b88fd1f72b6326b74f","test1","testlogin","test@mail.com","2020-01-18T08:54:16.356Z"
"5e22c90be2c9ba2cb9700e9b","user","userLogin","user@mail.com","2020-01-18T08:59:55.621Z"
"5e22ca2b6ca8ba2dc4b4edd0","user3","User3Login","user3@mail.com","2020-01-18T09:04:43.300Z"
"5e22c7b88fd1f72b6326b74f","test1","testlogin","test@mail.com","2020-01-18T08:54:16.356Z"
"5e22c90be2c9ba2cb9700e9b","user","userLogin","user@mail.com","2020-01-18T08:59:55.621Z"
"5e22ca2b6ca8ba2dc4b4edd0","user3","User3Login","user3@mail.com","2020-01-18T09:04:43.300Z"
"5e22c7b88fd1f72b6326b74f","test1","testlogin","test@mail.com","2020-01-18T08:54:16.356Z"
"5e22c90be2c9ba2cb9700e9b","user","userLogin","user@mail.com","2020-01-18T08:59:55.621Z"
"5e22ca2b6ca8ba2dc4b4edd0","user3","User3Login","user3@mail.com","2020-01-18T09:04:43.300Z"
"5e22c7b88fd1f72b6326b74f","test1","testlogin","test@mail.com","2020-01-18T08:54:16.356Z"
"5e22c90be2c9ba2cb9700e9b","user","userLogin","user@mail.com","2020-01-18T08:59:55.621Z"
"5e22ca2b6ca8ba2dc4b4edd0","user3","User3Login","user3@mail.com","2020-01-18T09:04:43.300Z"
"5e22c7b88fd1f72b6326b74f","test1","testlogin","test@mail.com","2020-01-18T08:54:16.356Z"
"5e22c90be2c9ba2cb9700e9b","user","userLogin","user@mail.com","2020-01-18T08:59:55.621Z"
"5e22ca2b6ca8ba2dc4b4edd0","user3","User3Login","user3@mail.com","2020-01-18T09:04:43.300Z"
"5e22c7b88fd1f72b6326b74f","test1","testlogin","test@mail.com","2020-01-18T08:54:16.356Z"
"5e22c90be2c9ba2cb9700e9b","user","userLogin","user@mail.com","2020-01-18T08:59:55.621Z"
"5e22ca2b6ca8ba2dc4b4edd0","user3","User3Login","user3@mail.com","2020-01-18T09:04:43.300Z"
"5e22c7b88fd1f72b6326b74f","test1","testlogin","test@mail.com","2020-01-18T08:54:16.356Z"
"5e22c90be2c9ba2cb9700e9b","user","userLogin","user@mail.com","2020-01-18T08:59:55.621Z"
"5e22ca2b6ca8ba2dc4b4edd0","user3","User3Login","user3@mail.com","2020-01-18T09:04:43.300Z"
"5e22c7b88fd1f72b6326b74f","test1","testlogin","test@mail.com","2020-01-18T08:54:16.356Z"
"5e22c90be2c9ba2cb9700e9b","user","userLogin","user@mail.com","2020-01-18T08:59:55.621Z"
"5e22ca2b6ca8ba2dc4b4edd0","user3","User3Login","user3@mail.com","2020-01-18T09:04:43.300Z"
"5e22c7b88fd1f72b6326b74f","test1","testlogin","test@mail.com","2020-01-18T08:54:16.356Z"
"5e22c90be2c9ba2cb9700e9b","user","userLogin","user@mail.com","2020-01-18T08:59:55.621Z"
"5e22ca2b6ca8ba2dc4b4edd0","user3","User3Login","user3@mail.com","2020-01-18T09:04:43.300Z"
"5e22c7b88fd1f72b6326b74f","test1","testlogin","test@mail.com","2020-01-18T08:54:16.356Z"
"5e22c90be2c9ba2cb9700e9b","user","userLogin","user@mail.com","2020-01-18T08:59:55.621Z"
"5e22ca2b6ca8ba2dc4b4edd0","user3","User3Login","user3@mail.com","2020-01-18T09:04:43.300Z"
"5e22c7b88fd1f72b6326b74f","test1","testlogin","test@mail.com","2020-01-18T08:54:16.356Z"
"5e22c90be2c9ba2cb9700e9b","user","userLogin","user@mail.com","2020-01-18T08:59:55.621Z"
"5e22ca2b6ca8ba2dc4b4edd0","user3","User3Login","user3@mail.com","2020-01-18T09:04:43.300Z"
"5e22c7b88fd1f72b6326b74f","test1","testlogin","test@mail.com","2020-01-18T08:54:16.356Z"
"5e22c90be2c9ba2cb9700e9b","user","userLogin","user@mail.com","2020-01-18T08:59:55.621Z"
"5e22ca2b6ca8ba2dc4b4edd0","user3","User3Login","user3@mail.com","2020-01-18T09:04:43.300Z"
"5e22c7b88fd1f72b6326b74f","test1","testlogin","test@mail.com","2020-01-18T08:54:16.356Z"
"5e22c90be2c9ba2cb9700e9b","user","userLogin","user@mail.com","2020-01-18T08:59:55.621Z"
"5e22ca2b6ca8ba2dc4b4edd0","user3","User3Login","user3@mail.com","2020-01-18T09:04:43.300Z"